<?xml version="1.0" encoding="UTF-8" standalone="yes"?>
<addon id="repository.ck" name="DLive Repository" version="1.0" provider-name="DLive">
    <extension point="xbmc.addon.repository" name="DLive Repository">
        <dir>
            <info compressed="false">https://ck-repo1.github.io/DLive/addons.xml</info>
            <checksum>https://ck-repo1.github.io/DLive/addons.xml.md5</checksum>
            <datadir zip="true">https://ck-repo1.github.io/DLive/zips/</datadir>
        </dir>
    </extension>
    <extension point="xbmc.addon.metadata">
        <summary>DLive Repository</summary>
        <description>Provides installation and automatic updates for DaddyLive Kodi addon.</description>
        <platform>all</platform>
        <assets>
            <icon>icon.png</icon>
            <fanart>fanart.jpg</fanart>
        </assets>
    </extension>
</addon>
